timestep,obstacle_id,relative_direction,d_long,d_lat,adjusted_d_long,adjusted_d_lat,v_rel_long,v_rel_lat,a_rel_long,a_rel_lat,ttc_long,ttc_lat,motion_description
1.0,30753.0,Front-right,119.84,-34.1,115.33,-32.49,-7.17,0.0,0.53,2.3,16.08,inf,Obstacle is driving toward the ego car longitudinally from front. No lateral relative motion.
1.0,30754.0,Rear-left,-41.11,66.08,-36.6,64.47,-12.99,-1.9,0.5,2.69,inf,34.01,Obstacle is moving away in behind longitudinally . Obstacle is driving toward the ego car laterally from the left.
1.0,30755.0,Front-right,13.64,-4.27,9.13,-2.66,1.26,-1.99,0.06,1.35,inf,inf,Obstacle is moving away longitudinally in front. Obstacle is moving away laterally to the right.
1.0,30756.0,Rear-left,-12.12,1.78,-7.61,0.17,-1.77,-1.26,-1.56,-1.95,inf,0.14,Obstacle is moving away in behind longitudinally . Obstacle is driving toward the ego car laterally from the left.
1.0,30757.0,Front-right,120.97,-41.11,116.47,-39.5,-7.16,0.06,0.57,2.29,16.26,638.44,Obstacle is driving toward the ego car longitudinally from front. Obstacle is driving toward the ego car laterally from the right.
1.0,30759.0,Front-right,8.19,-19.1,3.68,-17.49,-6.44,-9.67,1.07,2.22,0.57,inf,Obstacle is driving toward the ego car longitudinally from front. Obstacle is moving away laterally to the right.
1.0,30760.0,Rear-left,-33.03,6.79,-28.52,5.18,-3.51,-0.89,1.22,3.68,inf,5.84,Obstacle is moving away in behind longitudinally . Obstacle is driving toward the ego car laterally from the left.
1.0,30761.0,Front-right,119.85,-48.94,115.35,-47.33,-7.11,0.42,0.85,2.18,16.23,111.94,Obstacle is driving toward the ego car longitudinally from front. Obstacle is driving toward the ego car laterally from the right.
1.0,30762.0,Right,0.05,-5.56,0.0,-3.95,0.63,1.79,0.53,6.3,0.0,2.21,Exact longitudinal alignment or co. Obstacle is driving toward the ego car laterally from the right.
1.0,30763.0,Rear-right,-9.23,-11.68,-4.73,-10.07,-3.87,2.66,0.46,2.44,inf,3.79,Obstacle is moving away in behind longitudinally . Obstacle is driving toward the ego car laterally from the right.
1.0,30764.0,Rear-right,-17.57,-18.49,-13.06,-16.88,-4.4,2.27,-0.05,3.48,inf,7.45,Obstacle is moving away in behind longitudinally . Obstacle is driving toward the ego car laterally from the right.
1.0,30766.0,Rear-right,-25.71,-25.16,-21.2,-23.55,-4.72,2.0,0.26,2.84,inf,11.76,Obstacle is moving away in behind longitudinally . Obstacle is driving toward the ego car laterally from the right.
1.0,30767.0,Rear-right,-33.96,-31.83,-29.45,-30.22,-4.78,1.89,0.58,2.21,inf,16.03,Obstacle is moving away in behind longitudinally . Obstacle is driving toward the ego car laterally from the right.
1.0,30768.0,Rear-left,-22.72,4.3,-18.21,2.69,-2.43,-1.14,1.01,3.26,inf,2.35,Obstacle is moving away in behind longitudinally . Obstacle is driving toward the ego car laterally from the left.
1.0,30769.0,Front-right,117.9,-57.4,113.39,-55.79,-7.03,1.28,0.84,2.19,16.13,43.68,Obstacle is driving toward the ego car longitudinally from front. Obstacle is driving toward the ego car laterally from the right.
1.0,30770.0,Rear-left,-42.82,9.17,-38.31,7.56,-4.31,-0.69,1.12,3.47,inf,10.89,Obstacle is moving away in behind longitudinally . Obstacle is driving toward the ego car laterally from the left.
1.0,30772.0,Rear-right,-42.53,-38.6,-38.02,-36.99,-4.6,2.04,0.45,2.46,inf,18.14,Obstacle is moving away in behind longitudinally . Obstacle is driving toward the ego car laterally from the right.
1.0,30773.0,Front-right,118.25,-66.92,113.74,-65.31,-6.77,2.23,1.53,1.87,16.81,29.3,Obstacle is driving toward the ego car longitudinally from front. Obstacle is driving toward the ego car laterally from the right.
1.0,30774.0,Rear-left,-52.48,11.51,-47.97,9.9,-4.73,-0.59,0.68,2.6,inf,16.74,Obstacle is moving away in behind longitudinally . Obstacle is driving toward the ego car laterally from the left.
1.0,30775.0,Rear-right,-51.37,-45.76,-46.86,-44.15,-4.41,2.3,0.38,2.59,inf,19.2,Obstacle is moving away in behind longitudinally . Obstacle is driving toward the ego car laterally from the right.
1.0,30776.0,Rear-left,-62.37,13.91,-57.87,12.3,-4.64,-0.61,0.58,2.41,inf,20.03,Obstacle is moving away in behind longitudinally . Obstacle is driving toward the ego car laterally from the left.
1.0,30777.0,Front-right,116.06,-77.95,111.55,-76.34,-6.54,3.09,0.42,2.35,17.05,24.69,Obstacle is driving toward the ego car longitudinally from front. Obstacle is driving toward the ego car laterally from the right.
1.0,30778.0,Rear-left,-26.74,67.08,-22.24,65.47,-6.23,0.31,0.62,1.28,inf,inf,Obstacle is moving away in behind longitudinally . Obstacle is moving away laterally to the left.
1.0,30779.0,Rear-right,-59.91,-53.43,-55.4,-51.82,-4.47,2.68,0.37,2.56,inf,19.31,Obstacle is moving away in behind longitudinally . Obstacle is driving toward the ego car laterally from the right.
1.0,30780.0,Rear-left,-72.74,16.43,-68.23,14.82,-4.28,-0.7,0.47,2.17,inf,21.12,Obstacle is moving away in behind longitudinally . Obstacle is driving toward the ego car laterally from the left.
1.0,30781.0,Rear-left,-18.61,69.73,-14.1,68.12,-7.17,0.0,0.53,2.3,inf,inf,Obstacle is moving away in behind longitudinally . No lateral relative motion.
1.0,30782.0,Front-right,113.72,-89.19,109.22,-87.58,-6.41,3.49,1.72,1.74,17.04,25.1,Obstacle is driving toward the ego car longitudinally from front. Obstacle is driving toward the ego car laterally from the right.
1.0,30783.0,Rear-left,-72.99,51.83,-68.49,50.22,-0.92,2.13,0.57,1.93,inf,inf,Obstacle is moving away in behind longitudinally . Obstacle is moving away laterally to the left.
1.0,30786.0,Front-right,111.32,-100.17,106.81,-98.56,-6.38,3.6,0.61,2.26,16.75,27.41,Obstacle is driving toward the ego car longitudinally from front. Obstacle is driving toward the ego car laterally from the right.
1.0,30791.0,Front-right,109.12,-109.88,104.61,-108.27,-6.54,2.72,0.64,2.25,15.99,39.77,Obstacle is driving toward the ego car longitudinally from front. Obstacle is driving toward the ego car laterally from the right.
2.0,30753.0,Front-right,118.45,-36.31,113.94,-34.7,-6.61,0.0,0.66,3.1,17.24,inf,Obstacle is driving toward the ego car longitudinally from front. No lateral relative motion.
2.0,30754.0,Rear-left,-41.2,66.65,-36.69,65.04,-12.47,-1.79,0.61,3.61,inf,36.38,Obstacle is moving away in behind longitudinally . Obstacle is driving toward the ego car laterally from the left.
2.0,30755.0,Front-right,13.66,-4.74,9.15,-3.13,1.79,-2.15,0.75,3.3,inf,inf,Obstacle is moving away longitudinally in front. Obstacle is moving away laterally to the right.
2.0,30756.0,Rear-left,-12.32,1.88,-7.81,0.27,-1.69,-1.24,-1.43,-1.15,inf,0.22,Obstacle is moving away in behind longitudinally . Obstacle is driving toward the ego car laterally from the left.
2.0,30757.0,Front-right,119.45,-43.34,114.95,-41.73,-6.6,0.05,0.71,3.08,17.41,763.05,Obstacle is driving toward the ego car longitudinally from front. Obstacle is driving toward the ego car laterally from the right.
2.0,30759.0,Front-right,7.14,-20.22,2.63,-18.61,-6.14,-9.66,0.2,3.18,0.43,inf,Obstacle is driving toward the ego car longitudinally from front. Obstacle is moving away laterally to the right.
2.0,30760.0,Rear-left,-33.27,7.31,-28.76,5.7,-2.92,-0.97,0.24,2.28,inf,5.9,Obstacle is moving away in behind longitudinally . Obstacle is driving toward the ego car laterally from the left.
2.0,30761.0,Front-right,118.2,-51.11,113.69,-49.5,-6.54,0.39,0.96,2.98,17.38,126.5,Obstacle is driving toward the ego car longitudinally from front. Obstacle is driving toward the ego car laterally from the right.
2.0,30762.0,Right,-0.2,-5.38,0.0,-3.77,7.0,3.29,0.54,7.1,0.0,1.14,Exact longitudinal alignment or co. Obstacle is driving toward the ego car laterally from the right.
2.0,30763.0,Rear-right,-9.84,-11.24,-5.33,-9.63,-3.04,2.73,-0.58,5.69,inf,3.53,Obstacle is moving away in behind longitudinally . Obstacle is driving toward the ego car laterally from the right.
2.0,30764.0,Rear-right,-18.36,-17.94,-13.85,-16.33,-3.71,2.29,-0.25,4.94,inf,7.14,Obstacle is moving away in behind longitudinally . Obstacle is driving toward the ego car laterally from the right.
2.0,30766.0,Rear-right,-26.66,-24.48,-22.15,-22.87,-4.09,1.98,0.7,3.0,inf,11.54,Obstacle is moving away in behind longitudinally . Obstacle is driving toward the ego car laterally from the right.
2.0,30767.0,Rear-right,-35.03,-31.01,-30.52,-29.4,-4.11,1.9,-0.07,4.63,inf,15.47,Obstacle is moving away in behind longitudinally . Obstacle is driving toward the ego car laterally from the right.
2.0,30768.0,Rear-left,-22.92,4.6,-18.41,2.99,-2.11,-1.17,-0.54,0.71,inf,2.55,Obstacle is moving away in behind longitudinally . Obstacle is driving toward the ego car laterally from the left.
2.0,30769.0,Front-right,116.1,-59.47,111.59,-57.86,-6.43,1.2,1.25,2.88,17.35,48.39,Obstacle is driving toward the ego car longitudinally from front. Obstacle is driving toward the ego car laterally from the right.
2.0,30770.0,Rear-left,-43.09,9.88,-38.58,8.27,-3.68,-0.77,1.22,4.23,inf,10.76,Obstacle is moving away in behind longitudinally . Obstacle is driving toward the ego car laterally from the left.
2.0,30772.0,Rear-right,-43.72,-37.61,-39.21,-36.0,-4.04,1.96,0.78,2.83,inf,18.38,Obstacle is moving away in behind longitudinally . Obstacle is driving toward the ego car laterally from the right.
2.0,30773.0,Front-right,116.29,-68.89,111.78,-67.28,-6.19,2.12,2.1,2.48,18.07,31.68,Obstacle is driving toward the ego car longitudinally from front. Obstacle is driving toward the ego car laterally from the right.
2.0,30774.0,Rear-left,-52.75,12.42,-48.24,10.81,-4.08,-0.66,1.24,4.28,inf,16.27,Obstacle is moving away in behind longitudinally . Obstacle is driving toward the ego car laterally from the left.
2.0,30775.0,Rear-right,-52.67,-44.58,-48.16,-42.97,-3.83,2.22,0.95,2.51,inf,19.38,Obstacle is moving away in behind longitudinally . Obstacle is driving toward the ego car laterally from the right.
2.0,30776.0,Rear-left,-62.59,15.0,-58.08,13.39,-4.08,-0.66,0.69,3.18,inf,20.18,Obstacle is moving away in behind longitudinally . Obstacle is driving toward the ego car laterally from the left.
2.0,30777.0,Front-right,113.93,-79.78,109.42,-78.17,-5.94,3.02,1.3,2.81,18.43,25.91,Obstacle is driving toward the ego car longitudinally from front. Obstacle is driving toward the ego car laterally from the right.
2.0,30778.0,Rear-left,-26.14,67.59,-21.63,65.98,-5.73,0.27,0.74,2.13,inf,inf,Obstacle is moving away in behind longitudinally . Obstacle is moving away laterally to the left.
2.0,30779.0,Rear-right,-61.35,-52.05,-56.84,-50.44,-3.86,2.62,0.61,3.18,inf,19.26,Obstacle is moving away in behind longitudinally . Obstacle is driving toward the ego car laterally from the right.
2.0,30780.0,Rear-left,-72.88,17.7,-68.37,16.09,-3.79,-0.74,0.25,2.29,inf,21.79,Obstacle is moving away in behind longitudinally . Obstacle is driving toward the ego car laterally from the left.
2.0,30781.0,Rear-left,-18.05,70.06,-13.54,68.45,-6.61,0.0,0.66,3.1,inf,inf,Obstacle is moving away in behind longitudinally . No lateral relative motion.
2.0,30782.0,Front-right,111.4,-90.94,106.89,-89.33,-5.79,3.45,1.46,2.72,18.46,25.93,Obstacle is driving toward the ego car longitudinally from front. Obstacle is driving toward the ego car laterally from the right.
2.0,30783.0,Rear-left,-72.13,53.37,-67.62,51.76,-0.33,2.0,0.62,3.49,inf,inf,Obstacle is moving away in behind longitudinally . Obstacle is moving away laterally to the left.
2.0,30786.0,Front-right,108.79,-101.86,104.28,-100.25,-5.76,3.55,0.22,3.31,18.11,28.25,Obstacle is driving toward the ego car longitudinally from front. Obstacle is driving toward the ego car laterally from the right.
2.0,30791.0,Front-right,106.39,-111.61,101.88,-110.0,-5.91,2.78,0.13,3.36,17.23,39.61,Obstacle is driving toward the ego car longitudinally from front. Obstacle is driving toward the ego car laterally from the right.
3.0,30753.0,Front-right,116.49,-40.22,111.98,-38.61,-6.23,0.0,0.38,2.13,17.98,inf,Obstacle is driving toward the ego car longitudinally from front. No lateral relative motion.
3.0,30754.0,Rear-left,-40.25,67.82,-35.75,66.21,-12.19,-1.61,0.44,1.38,inf,41.24,Obstacle is moving away in behind longitudinally . Obstacle is driving toward the ego car laterally from the left.
3.0,30755.0,Front-right,13.64,-5.43,9.13,-3.82,2.13,-2.44,0.65,2.67,inf,inf,Obstacle is moving away longitudinally in front. Obstacle is moving away laterally to the right.
3.0,30756.0,Rear-left,-12.49,2.16,-7.98,0.55,-1.81,-1.27,-1.71,-2.13,inf,0.43,Obstacle is moving away in behind longitudinally . Obstacle is driving toward the ego car laterally from the left.
3.0,30757.0,Front-right,117.26,-47.26,112.76,-45.65,-6.22,0.05,0.43,2.11,18.12,928.2,Obstacle is driving toward the ego car longitudinally from front. Obstacle is driving toward the ego car laterally from the right.
3.0,30759.0,Front-right,5.79,-21.41,1.28,-19.8,-6.15,-9.7,1.06,2.01,0.21,inf,Obstacle is driving toward the ego car longitudinally from front. Obstacle is moving away laterally to the right.
3.0,30760.0,Rear-left,-33.34,8.3,-28.83,6.69,-2.64,-1.07,0.28,1.93,inf,6.26,Obstacle is moving away in behind longitudinally . Obstacle is driving toward the ego car laterally from the left.
3.0,30761.0,Front-right,115.76,-54.96,111.25,-53.35,-6.16,0.36,0.64,2.02,18.07,149.82,Obstacle is driving toward the ego car longitudinally from front. Obstacle is driving toward the ego car laterally from the right.
3.0,30762.0,Right,-0.32,-4.98,0.0,-3.37,13.22,4.64,0.17,5.62,0.0,0.73,Exact longitudinal alignment or co. Obstacle is driving toward the ego car laterally from the right.
3.0,30763.0,Rear-right,-10.51,-10.63,-6.01,-9.02,-2.36,2.75,-0.77,4.55,inf,3.28,Obstacle is moving away in behind longitudinally . Obstacle is driving toward the ego car laterally from the right.
3.0,30764.0,Rear-right,-19.33,-17.09,-14.82,-15.48,-3.11,2.3,-0.43,3.76,inf,6.74,Obstacle is moving away in behind longitudinally . Obstacle is driving toward the ego car laterally from the right.
3.0,30766.0,Rear-right,-27.88,-23.39,-23.37,-21.78,-3.54,1.98,-0.3,3.5,inf,11.0,Obstacle is moving away in behind longitudinally . Obstacle is driving toward the ego car laterally from the right.
3.0,30767.0,Rear-right,-36.47,-29.65,-31.96,-28.04,-3.65,1.83,0.14,2.62,inf,15.33,Obstacle is moving away in behind longitudinally . Obstacle is driving toward the ego car laterally from the right.
3.0,30768.0,Rear-left,-23.01,5.23,-18.51,3.62,-1.95,-1.27,-0.39,0.59,inf,2.86,Obstacle is moving away in behind longitudinally . Obstacle is driving toward the ego car laterally from the left.
3.0,30769.0,Front-right,113.39,-63.18,108.89,-61.57,-6.0,1.12,0.59,2.04,18.14,54.83,Obstacle is driving toward the ego car longitudinally from front. Obstacle is driving toward the ego car laterally from the right.
3.0,30770.0,Rear-left,-43.14,11.22,-38.63,9.61,-3.32,-0.87,0.13,1.64,inf,11.06,Obstacle is moving away in behind longitudinally . Obstacle is driving toward the ego car laterally from the left.
3.0,30772.0,Rear-right,-45.36,-35.96,-40.86,-34.35,-3.56,1.9,0.24,2.41,inf,18.11,Obstacle is moving away in behind longitudinally . Obstacle is driving toward the ego car laterally from the right.
3.0,30773.0,Front-right,113.31,-72.49,108.8,-70.88,-5.75,2.07,0.67,2.0,18.93,34.32,Obstacle is driving toward the ego car longitudinally from front. Obstacle is driving toward the ego car laterally from the right.
3.0,30774.0,Rear-left,-52.75,14.08,-48.24,12.47,-3.7,-0.75,0.56,2.49,inf,16.53,Obstacle is moving away in behind longitudinally . Obstacle is driving toward the ego car laterally from the left.
3.0,30775.0,Rear-right,-54.52,-42.6,-50.01,-40.99,-3.39,2.11,0.44,1.99,inf,19.44,Obstacle is moving away in behind longitudinally . Obstacle is driving toward the ego car laterally from the right.
3.0,30776.0,Rear-left,-62.5,16.99,-57.99,15.38,-3.7,-0.75,0.52,2.42,inf,20.39,Obstacle is moving away in behind longitudinally . Obstacle is driving toward the ego car laterally from the left.
3.0,30777.0,Front-right,110.61,-83.22,106.1,-81.61,-5.49,2.89,0.69,1.98,19.34,28.25,Obstacle is driving toward the ego car longitudinally from front. Obstacle is driving toward the ego car laterally from the right.
3.0,30778.0,Rear-left,-24.5,68.44,-19.99,66.83,-5.41,0.22,0.43,1.5,inf,inf,Obstacle is moving away in behind longitudinally . Obstacle is moving away laterally to the left.
3.0,30779.0,Rear-right,-63.45,-49.74,-58.94,-48.13,-3.42,2.47,0.75,1.51,inf,19.48,Obstacle is moving away in behind longitudinally . Obstacle is driving toward the ego car laterally from the right.
3.0,30780.0,Rear-left,-72.66,20.02,-68.16,18.41,-3.46,-0.83,0.27,1.91,inf,22.27,Obstacle is moving away in behind longitudinally . Obstacle is driving toward the ego car laterally from the left.
3.0,30781.0,Rear-left,-16.41,70.62,-11.9,69.01,-6.23,0.0,0.38,2.13,inf,inf,Obstacle is moving away in behind longitudinally . No lateral relative motion.
3.0,30782.0,Front-right,107.73,-94.24,103.22,-92.63,-5.31,3.37,1.32,1.68,19.44,27.5,Obstacle is driving toward the ego car longitudinally from front. Obstacle is driving toward the ego car laterally from the right.
3.0,30783.0,Rear-left,-70.38,55.91,-65.87,54.3,0.1,1.79,0.39,1.98,660.33,inf,Obstacle is driving toward the ego car from behind. Obstacle is moving away laterally to the left.
3.0,30786.0,Front-right,104.77,-105.06,100.26,-103.45,-5.28,3.47,1.01,1.83,19.0,29.84,Obstacle is driving toward the ego car longitudinally from front. Obstacle is driving toward the ego car laterally from the right.
3.0,30791.0,Front-right,102.03,-114.79,97.52,-113.18,-5.43,2.8,0.01,2.31,17.96,40.47,Obstacle is driving toward the ego car longitudinally from front. Obstacle is driving toward the ego car laterally from the right.
4.0,30753.0,Front-right,114.45,-44.07,109.94,-42.46,-5.74,0.0,0.37,2.59,19.14,inf,Obstacle is driving toward the ego car longitudinally from front. No lateral relative motion.
4.0,30754.0,Rear-left,-39.21,68.98,-34.71,67.37,-11.7,-1.39,0.39,2.36,inf,48.31,Obstacle is moving away in behind longitudinally . Obstacle is driving toward the ego car laterally from the left.
4.0,30755.0,Front-right,13.63,-6.15,9.12,-4.54,2.5,-2.71,0.05,1.94,inf,inf,Obstacle is moving away longitudinally in front. Obstacle is moving away laterally to the right.
4.0,30756.0,Rear-left,-12.65,2.44,-8.14,0.83,-1.83,-1.27,-1.72,-1.67,inf,0.65,Obstacle is moving away in behind longitudinally . Obstacle is driving toward the ego car laterally from the left.
4.0,30757.0,Front-right,114.98,-51.13,110.48,-49.52,-5.74,0.04,0.42,2.57,19.26,1113.65,Obstacle is driving toward the ego car longitudinally from front. Obstacle is driving toward the ego car laterally from the right.
4.0,30759.0,Right,4.4,-22.56,0.0,-20.95,-6.03,-9.68,0.21,2.62,0.0,inf,Exact longitudinal alignment or co. Obstacle is moving away laterally to the right.
4.0,30760.0,Rear-left,-33.33,9.29,-28.83,7.68,-2.2,-1.18,0.53,2.9,inf,6.48,Obstacle is moving away in behind longitudinally . Obstacle is driving toward the ego car laterally from the left.
4.0,30761.0,Front-right,113.23,-58.75,108.72,-57.14,-5.67,0.33,0.51,2.53,19.18,175.3,Obstacle is driving toward the ego car longitudinally from front. Obstacle is driving toward the ego car laterally from the right.
4.0,30762.0,Right,-0.5,-4.47,0.0,-2.86,17.56,5.73,0.07,5.57,0.0,0.5,Exact longitudinal alignment or co. Obstacle is driving toward the ego car laterally from the right.
4.0,30763.0,Rear-right,-11.1,-10.01,-6.59,-8.4,-1.62,2.72,-0.28,3.96,inf,3.09,Obstacle is moving away in behind longitudinally . Obstacle is driving toward the ego car laterally from the right.
4.0,30764.0,Rear-right,-20.2,-16.22,-15.69,-14.61,-2.44,2.26,-0.07,3.48,inf,6.45,Obstacle is moving away in behind longitudinally . Obstacle is driving toward the ego car laterally from the right.
4.0,30766.0,Rear-right,-29.0,-22.25,-24.49,-20.64,-2.91,1.95,0.08,3.17,inf,10.61,Obstacle is moving away in behind longitudinally . Obstacle is driving toward the ego car laterally from the right.
4.0,30767.0,Rear-right,-37.81,-28.24,-33.3,-26.63,-3.07,1.77,0.37,2.58,inf,15.08,Obstacle is moving away in behind longitudinally . Obstacle is driving toward the ego car laterally from the right.
4.0,30768.0,Rear-left,-23.06,5.86,-18.55,4.25,-1.74,-1.33,-0.93,-0.02,inf,3.19,Obstacle is moving away in behind longitudinally . Obstacle is driving toward the ego car laterally from the left.
4.0,30769.0,Front-right,110.61,-66.82,106.1,-65.21,-5.48,1.03,0.99,2.34,19.35,63.14,Obstacle is driving toward the ego car longitudinally from front. Obstacle is driving toward the ego car laterally from the right.
4.0,30770.0,Rear-left,-43.09,12.55,-38.58,10.94,-2.82,-0.98,0.56,2.97,inf,11.18,Obstacle is moving away in behind longitudinally . Obstacle is driving toward the ego car laterally from the left.
4.0,30772.0,Rear-right,-46.9,-34.24,-42.4,-32.63,-2.98,1.83,-0.13,3.64,inf,17.83,Obstacle is moving away in behind longitudinally . Obstacle is driving toward the ego car laterally from the right.
4.0,30773.0,Front-right,110.24,-76.03,105.73,-74.42,-5.22,1.97,0.71,2.45,20.27,37.74,Obstacle is driving toward the ego car longitudinally from front. Obstacle is driving toward the ego car laterally from the right.
4.0,30774.0,Rear-left,-52.64,15.75,-48.13,14.14,-3.22,-0.85,0.34,2.53,inf,16.72,Obstacle is moving away in behind longitudinally . Obstacle is driving toward the ego car laterally from the left.
4.0,30775.0,Rear-right,-56.26,-40.56,-51.75,-38.95,-2.85,2.0,0.27,2.8,inf,19.51,Obstacle is moving away in behind longitudinally . Obstacle is driving toward the ego car laterally from the right.
4.0,30776.0,Rear-left,-62.29,18.98,-57.78,17.37,-3.24,-0.84,0.57,2.98,inf,20.74,Obstacle is moving away in behind longitudinally . Obstacle is driving toward the ego car laterally from the left.
4.0,30777.0,Front-right,107.22,-86.57,102.71,-84.96,-4.92,2.81,1.19,2.22,20.87,30.26,Obstacle is driving toward the ego car longitudinally from front. Obstacle is driving toward the ego car laterally from the right.
4.0,30778.0,Rear-left,-22.77,69.24,-18.26,67.63,-4.99,0.18,0.42,2.0,inf,inf,Obstacle is moving away in behind longitudinally . Obstacle is moving away laterally to the left.
4.0,30779.0,Rear-right,-65.42,-47.37,-60.91,-45.76,-2.84,2.36,0.37,2.59,inf,19.4,Obstacle is moving away in behind longitudinally . Obstacle is driving toward the ego car laterally from the right.
4.0,30780.0,Rear-left,-72.33,22.34,-67.82,20.73,-2.97,-0.93,0.59,3.04,inf,22.35,Obstacle is moving away in behind longitudinally . Obstacle is driving toward the ego car laterally from the left.
4.0,30781.0,Rear-left,-14.69,71.13,-10.19,69.52,-5.74,0.0,0.37,2.59,inf,inf,Obstacle is moving away in behind longitudinally . No lateral relative motion.
4.0,30782.0,Front-right,103.99,-97.44,99.48,-95.83,-4.73,3.29,1.26,2.17,21.04,29.13,Obstacle is driving toward the ego car longitudinally from front. Obstacle is driving toward the ego car laterally from the right.
4.0,30783.0,Rear-left,-68.49,58.38,-63.98,56.77,0.64,1.57,0.43,1.99,100.41,inf,Obstacle is driving toward the ego car from behind. Obstacle is moving away laterally to the left.
4.0,30786.0,Front-right,100.68,-108.15,96.17,-106.54,-4.68,3.42,0.18,2.68,20.54,31.17,Obstacle is driving toward the ego car longitudinally from front. Obstacle is driving toward the ego car laterally from the right.
4.0,30791.0,Front-right,97.6,-117.85,93.09,-116.24,-4.86,2.76,0.8,2.38,19.17,42.14,Obstacle is driving toward the ego car longitudinally from front. Obstacle is driving toward the ego car laterally from the right.
5.0,30753.0,Front-right,112.93,-46.34,108.43,-44.73,-5.28,0.19,-1.67,2.2,20.55,234.46,Obstacle is driving toward the ego car longitudinally from front. Obstacle is driving toward the ego car laterally from the right.
5.0,30754.0,Rear-left,-39.03,69.62,-34.52,68.01,-11.21,-1.28,0.44,1.94,inf,52.94,Obstacle is moving away in behind longitudinally . Obstacle is driving toward the ego car laterally from the left.
5.0,30755.0,Front-right,13.73,-6.71,9.22,-5.1,3.0,-2.88,0.01,2.2,inf,inf,Obstacle is moving away longitudinally in front. Obstacle is moving away laterally to the right.
5.0,30756.0,Rear-left,-12.84,2.57,-8.33,0.96,-1.74,-1.19,-1.73,-1.35,inf,0.8,Obstacle is moving away in behind longitudinally . Obstacle is driving toward the ego car laterally from the left.
5.0,30757.0,Front-right,113.34,-53.42,108.83,-51.81,-5.17,0.05,0.31,2.92,21.04,1149.74,Obstacle is driving toward the ego car longitudinally from front. Obstacle is driving toward the ego car laterally from the right.
5.0,30759.0,Right,3.3,-23.61,0.0,-22.0,-5.69,-9.7,0.94,2.8,0.0,inf,Exact longitudinal alignment or co. Obstacle is moving away laterally to the right.
5.0,30760.0,Rear-left,-33.4,9.83,-28.89,8.22,-1.74,-1.23,0.26,2.71,inf,6.69,Obstacle is moving away in behind longitudinally . Obstacle is driving toward the ego car laterally from the left.
5.0,30761.0,Front-right,111.44,-60.97,106.93,-59.36,-5.11,0.3,0.54,2.83,20.94,200.63,Obstacle is driving toward the ego car longitudinally from front. Obstacle is driving toward the ego car laterally from the right.
5.0,30762.0,Right,-0.44,-3.97,0.0,-2.36,21.94,6.95,0.03,5.39,0.0,0.34,Exact longitudinal alignment or co. Obstacle is driving toward the ego car laterally from the right.
5.0,30763.0,Rear-right,-11.46,-9.51,-6.95,-7.9,-0.81,2.75,-0.84,5.45,inf,2.88,Obstacle is moving away in behind longitudinally . Obstacle is driving toward the ego car laterally from the right.
5.0,30764.0,Rear-right,-20.78,-15.58,-16.27,-13.97,-1.71,2.28,-0.45,4.53,inf,6.12,Obstacle is moving away in behind longitudinally . Obstacle is driving toward the ego car laterally from the right.
5.0,30766.0,Rear-right,-29.75,-21.48,-25.24,-19.87,-2.22,1.95,-0.39,4.41,inf,10.21,Obstacle is moving away in behind longitudinally . Obstacle is driving toward the ego car laterally from the right.
5.0,30767.0,Rear-right,-38.69,-27.31,-34.19,-25.7,-2.42,1.75,-0.01,3.68,inf,14.71,Obstacle is moving away in behind longitudinally . Obstacle is driving toward the ego car laterally from the right.
5.0,30768.0,Rear-left,-23.64,6.35,-19.13,4.74,-1.4,-1.34,-0.82,0.55,inf,3.53,Obstacle is moving away in behind longitudinally . Obstacle is driving toward the ego car laterally from the left.
5.0,30769.0,Front-right,108.68,-68.92,104.17,-67.31,-4.9,0.96,1.28,2.51,21.24,70.1,Obstacle is driving toward the ego car longitudinally from front. Obstacle is driving toward the ego car laterally from the right.
5.0,30770.0,Rear-left,-43.14,13.31,-38.63,11.7,-2.28,-1.04,0.24,2.67,inf,11.27,Obstacle is moving away in behind longitudinally . Obstacle is driving toward the ego car laterally from the left.
5.0,30772.0,Rear-right,-47.9,-33.12,-43.39,-31.51,-2.4,1.76,0.11,3.42,inf,17.87,Obstacle is moving away in behind longitudinally . Obstacle is driving toward the ego car laterally from the right.
5.0,30773.0,Front-right,108.15,-78.03,103.65,-76.42,-4.64,1.87,1.05,2.61,22.32,40.97,Obstacle is driving toward the ego car longitudinally from front. Obstacle is driving toward the ego car laterally from the right.
5.0,30774.0,Rear-left,-52.65,16.7,-48.15,15.09,-2.61,-0.92,0.4,3.0,inf,16.44,Obstacle is moving away in behind longitudinally . Obstacle is driving toward the ego car laterally from the left.
5.0,30775.0,Rear-right,-57.37,-39.24,-52.86,-37.63,-2.25,1.93,0.58,2.45,inf,19.47,Obstacle is moving away in behind longitudinally . Obstacle is driving toward the ego car laterally from the right.
5.0,30776.0,Rear-left,-62.25,20.13,-57.74,18.52,-2.68,-0.9,0.41,3.02,inf,20.67,Obstacle is moving away in behind longitudinally . Obstacle is driving toward the ego car laterally from the left.
5.0,30777.0,Front-right,104.95,-88.43,100.44,-86.82,-4.34,2.69,1.16,2.54,23.16,32.27,Obstacle is driving toward the ego car longitudinally from front. Obstacle is driving toward the ego car laterally from the right.
5.0,30778.0,Rear-left,-21.91,69.7,-17.4,68.09,-4.49,0.15,0.4,2.38,inf,inf,Obstacle is moving away in behind longitudinally . Obstacle is moving away laterally to the left.
5.0,30779.0,Rear-right,-66.66,-45.82,-62.15,-44.21,-2.22,2.28,0.12,3.31,inf,19.41,Obstacle is moving away in behind longitudinally . Obstacle is driving toward the ego car laterally from the right.
5.0,30780.0,Rear-left,-72.19,23.68,-67.68,22.07,-2.46,-0.97,0.15,2.5,inf,22.67,Obstacle is moving away in behind longitudinally . Obstacle is driving toward the ego car laterally from the left.
5.0,30781.0,Rear-left,-13.85,71.41,-9.34,69.8,-4.98,0.04,0.17,5.03,inf,inf,Obstacle is moving away in behind longitudinally . Obstacle is moving away laterally to the left.
5.0,30782.0,Front-right,101.53,-99.18,97.02,-97.57,-4.11,3.24,0.15,3.0,23.58,30.13,Obstacle is driving toward the ego car longitudinally from front. Obstacle is driving toward the ego car laterally from the right.
5.0,30783.0,Rear-left,-67.26,59.88,-62.75,58.27,1.27,1.45,0.37,2.75,49.56,inf,Obstacle is driving toward the ego car from behind. Obstacle is moving away laterally to the left.
5.0,30786.0,Front-right,98.01,-109.8,93.5,-108.19,-4.07,3.36,1.16,2.53,23.0,32.19,Obstacle is driving toward the ego car longitudinally from front. Obstacle is driving toward the ego car laterally from the right.
5.0,30791.0,Front-right,94.72,-119.49,90.21,-117.88,-4.21,2.83,-0.34,3.25,21.44,41.58,Obstacle is driving toward the ego car longitudinally from front. Obstacle is driving toward the ego car laterally from the right.
6.0,30753.0,Front-right,110.51,-50.6,106.01,-48.99,-5.07,0.38,-1.76,0.68,20.9,129.82,Obstacle is driving toward the ego car longitudinally from front. Obstacle is driving toward the ego car laterally from the right.
6.0,30754.0,Rear-left,-37.48,70.96,-32.97,69.35,-10.92,-1.04,0.08,1.66,inf,66.46,Obstacle is moving away in behind longitudinally . Obstacle is driving toward the ego car laterally from the left.
6.0,30755.0,Front-right,13.72,-7.55,9.21,-5.94,3.17,-3.2,0.41,1.95,inf,inf,Obstacle is moving away longitudinally in front. Obstacle is moving away laterally to the right.
6.0,30756.0,Rear-left,-12.97,2.94,-8.46,1.33,-1.95,-1.15,-1.97,-2.91,inf,1.15,Obstacle is moving away in behind longitudinally . Obstacle is driving toward the ego car laterally from the left.
6.0,30757.0,Front-right,110.66,-57.72,106.16,-56.11,-4.88,0.07,-0.14,1.44,21.74,851.4,Obstacle is driving toward the ego car longitudinally from front. Obstacle is driving toward the ego car laterally from the right.
6.0,30759.0,Right,1.75,-24.69,0.0,-23.08,-5.8,-9.65,0.19,1.33,0.0,inf,Exact longitudinal alignment or co. Obstacle is moving away laterally to the right.
6.0,30760.0,Rear-left,-33.21,10.97,-28.7,9.36,-1.59,-1.33,-0.26,0.6,inf,7.05,Obstacle is moving away in behind longitudinally . Obstacle is driving toward the ego car laterally from the left.
6.0,30761.0,Front-right,108.49,-65.17,103.98,-63.56,-4.82,0.27,0.25,1.29,21.57,234.28,Obstacle is driving toward the ego car longitudinally from front. Obstacle is driving toward the ego car laterally from the right.
6.0,30762.0,Right,-0.37,-3.48,0.0,-1.87,26.16,7.69,-0.2,3.32,0.0,0.24,Exact longitudinal alignment or co. Obstacle is driving toward the ego car laterally from the right.
6.0,30763.0,Rear-right,-11.94,-8.83,-7.44,-7.22,-0.78,2.36,1.92,-2.51,inf,3.06,Obstacle is moving away in behind longitudinally . Obstacle is driving toward the ego car laterally from the right.
6.0,30764.0,Rear-right,-21.54,-14.56,-17.04,-12.95,-1.34,2.15,1.09,-0.63,inf,6.03,Obstacle is moving away in behind longitudinally . Obstacle is driving toward the ego car laterally from the right.
6.0,30766.0,Rear-right,-30.79,-20.14,-26.28,-18.53,-1.76,1.89,-0.86,3.31,inf,9.79,Obstacle is moving away in behind longitudinally . Obstacle is driving toward the ego car laterally from the right.
6.0,30767.0,Rear-right,-39.98,-25.64,-35.47,-24.03,-2.07,1.65,0.07,1.44,inf,14.58,Obstacle is moving away in behind longitudinally . Obstacle is driving toward the ego car laterally from the right.
6.0,30768.0,Rear-left,-23.76,7.18,-19.25,5.57,-1.36,-1.42,-0.71,-0.3,inf,3.92,Obstacle is moving away in behind longitudinally . Obstacle is driving toward the ego car laterally from the left.
6.0,30769.0,Front-right,105.44,-72.95,100.94,-71.34,-4.59,0.89,1.02,0.95,21.99,80.26,Obstacle is driving toward the ego car longitudinally from front. Obstacle is driving toward the ego car laterally from the right.
6.0,30770.0,Rear-left,-42.86,14.83,-38.35,13.22,-2.01,-1.16,0.16,1.43,inf,11.41,Obstacle is moving away in behind longitudinally . Obstacle is driving toward the ego car laterally from the left.
6.0,30772.0,Rear-right,-49.4,-31.1,-44.89,-29.49,-2.04,1.66,0.22,1.13,inf,17.72,Obstacle is moving away in behind longitudinally . Obstacle is driving toward the ego car laterally from the right.
6.0,30773.0,Front-right,104.6,-81.93,100.09,-80.32,-4.32,1.77,1.29,0.85,23.19,45.37,Obstacle is driving toward the ego car longitudinally from front. Obstacle is driving toward the ego car laterally from the right.
6.0,30774.0,Rear-left,-52.27,18.61,-47.76,17.0,-2.37,-1.02,0.01,1.14,inf,16.74,Obstacle is moving away in behind longitudinally . Obstacle is driving toward the ego car laterally from the left.
6.0,30775.0,Rear-right,-59.08,-36.83,-54.57,-35.22,-1.89,1.82,-0.09,1.75,inf,19.34,Obstacle is moving away in behind longitudinally . Obstacle is driving toward the ego car laterally from the right.
6.0,30776.0,Rear-left,-61.73,22.4,-57.22,20.79,-2.44,-0.99,-0.03,1.06,inf,21.02,Obstacle is moving away in behind longitudinally . Obstacle is driving toward the ego car laterally from the left.
6.0,30777.0,Front-right,101.03,-92.12,96.52,-90.51,-3.97,2.61,1.21,0.85,24.33,34.7,Obstacle is driving toward the ego car longitudinally from front. Obstacle is driving toward the ego car laterally from the right.
6.0,30778.0,Rear-left,-19.71,70.5,-15.2,68.89,-4.23,0.12,0.13,1.19,inf,inf,Obstacle is moving away in behind longitudinally . Obstacle is moving away laterally to the left.
6.0,30779.0,Rear-right,-68.61,-43.02,-64.1,-41.41,-1.88,2.13,0.03,1.48,inf,19.48,Obstacle is moving away in behind longitudinally . Obstacle is driving toward the ego car laterally from the right.
6.0,30780.0,Rear-left,-71.51,26.32,-67.0,24.71,-2.24,-1.07,-0.22,0.69,inf,23.19,Obstacle is moving away in behind longitudinally . Obstacle is driving toward the ego car laterally from the left.
6.0,30781.0,Rear-left,-11.62,71.9,-7.11,70.29,-4.49,0.07,-0.07,3.39,inf,inf,Obstacle is moving away in behind longitudinally . Obstacle is moving away laterally to the left.
6.0,30782.0,Front-right,97.23,-102.68,92.72,-101.07,-3.73,3.14,0.52,1.16,24.83,32.16,Obstacle is driving toward the ego car longitudinally from front. Obstacle is driving toward the ego car laterally from the right.
6.0,30783.0,Rear-left,-64.81,62.53,-60.31,60.92,1.61,1.2,0.01,2.41,37.42,inf,Obstacle is driving toward the ego car from behind. Obstacle is moving away laterally to the left.
6.0,30786.0,Front-right,93.31,-113.14,88.8,-111.53,-3.66,3.3,0.73,1.06,24.25,33.84,Obstacle is driving toward the ego car longitudinally from front. Obstacle is driving toward the ego car laterally from the right.
6.0,30791.0,Front-right,89.63,-122.75,85.13,-121.14,-3.81,2.81,-0.52,1.65,22.34,43.1,Obstacle is driving toward the ego car longitudinally from front. Obstacle is driving toward the ego car laterally from the right.
7.0,30753.0,Front-right,108.54,-53.62,104.03,-52.01,-4.89,0.57,-1.9,0.53,21.29,90.96,Obstacle is driving toward the ego car longitudinally from front. Obstacle is driving toward the ego car laterally from the right.
7.0,30754.0,Rear-left,-36.6,71.89,-32.09,70.28,-10.73,-0.88,0.06,1.38,inf,79.71,Obstacle is moving away in behind longitudinally . Obstacle is driving toward the ego car laterally from the left.
7.0,30755.0,Front-right,13.8,-8.27,9.29,-6.66,3.35,-3.43,0.04,1.19,inf,inf,Obstacle is moving away longitudinally in front. Obstacle is moving away laterally to the right.
7.0,30756.0,Rear-left,-13.13,3.19,-8.62,1.58,-2.15,-1.05,-2.01,-3.0,inf,1.51,Obstacle is moving away in behind longitudinally . Obstacle is driving toward the ego car laterally from the left.
7.0,30757.0,Front-right,108.51,-60.77,104.0,-59.16,-4.61,0.11,-0.44,1.44,22.58,527.81,Obstacle is driving toward the ego car longitudinally from front. Obstacle is driving toward the ego car laterally from the right.
7.0,30759.0,Right,0.44,-25.69,0.0,-24.08,-5.82,-9.62,-0.18,1.3,0.0,inf,Exact longitudinal alignment or co. Obstacle is moving away laterally to the right.
7.0,30760.0,Rear-left,-33.07,11.75,-28.57,10.14,-1.43,-1.39,-0.13,0.86,inf,7.29,Obstacle is moving away in behind longitudinally . Obstacle is driving toward the ego car laterally from the left.
7.0,30761.0,Front-right,106.13,-68.14,101.62,-66.53,-4.56,0.25,0.28,1.17,22.3,267.82,Obstacle is driving toward the ego car longitudinally from front. Obstacle is driving toward the ego car laterally from the right.
7.0,30762.0,Right,-0.29,-3.13,0.0,-1.52,25.51,7.21,0.07,1.25,0.0,0.21,Exact longitudinal alignment or co. Obstacle is driving toward the ego car laterally from the right.
7.0,30763.0,Rear-right,-12.3,-8.28,-7.79,-6.67,-0.8,2.05,1.87,-2.61,inf,3.25,Obstacle is moving away in behind longitudinally . Obstacle is driving toward the ego car laterally from the right.
7.0,30764.0,Rear-right,-22.09,-13.75,-17.58,-12.14,-1.12,1.99,0.55,0.27,inf,6.09,Obstacle is moving away in behind longitudinally . Obstacle is driving toward the ego car laterally from the right.
7.0,30766.0,Rear-right,-31.53,-19.09,-27.02,-17.48,-1.49,1.78,0.12,1.14,inf,9.83,Obstacle is moving away in behind longitudinally . Obstacle is driving toward the ego car laterally from the right.
7.0,30767.0,Rear-right,-40.89,-24.35,-36.38,-22.74,-1.68,1.62,0.04,1.32,inf,14.02,Obstacle is moving away in behind longitudinally . Obstacle is driving toward the ego car laterally from the right.
7.0,30768.0,Rear-left,-23.71,7.7,-19.21,6.09,-1.34,-1.43,-1.18,-1.24,inf,4.27,Obstacle is moving away in behind longitudinally . Obstacle is driving toward the ego car laterally from the left.
7.0,30769.0,Front-right,102.9,-75.78,98.39,-74.17,-4.31,0.84,0.49,1.06,22.84,88.39,Obstacle is driving toward the ego car longitudinally from front. Obstacle is driving toward the ego car laterally from the right.
7.0,30770.0,Rear-left,-42.65,15.9,-38.14,14.29,-1.8,-1.23,-0.15,0.82,inf,11.59,Obstacle is moving away in behind longitudinally . Obstacle is driving toward the ego car laterally from the left.
7.0,30772.0,Rear-right,-50.46,-29.55,-45.95,-27.94,-1.68,1.61,-0.64,2.75,inf,17.34,Obstacle is moving away in behind longitudinally . Obstacle is driving toward the ego car laterally from the right.
7.0,30773.0,Front-right,101.83,-84.65,97.32,-83.04,-4.03,1.69,0.38,1.12,24.16,49.1,Obstacle is driving toward the ego car longitudinally from front. Obstacle is driving toward the ego car laterally from the right.
7.0,30774.0,Rear-left,-51.98,19.95,-47.47,18.34,-2.07,-1.12,0.53,2.18,inf,16.43,Obstacle is moving away in behind longitudinally . Obstacle is driving toward the ego car laterally from the left.
7.0,30775.0,Rear-right,-60.28,-34.99,-55.77,-33.38,-1.59,1.72,0.0,1.39,inf,19.36,Obstacle is moving away in behind longitudinally . Obstacle is driving toward the ego car laterally from the right.
7.0,30776.0,Rear-left,-61.34,24.01,-56.83,22.4,-2.19,-1.06,0.21,1.54,inf,21.07,Obstacle is moving away in behind longitudinally . Obstacle is driving toward the ego car laterally from the left.
7.0,30777.0,Front-right,98.02,-94.65,93.51,-93.04,-3.65,2.53,0.01,1.28,25.61,36.71,Obstacle is driving toward the ego car longitudinally from front. Obstacle is driving toward the ego car laterally from the right.
7.0,30778.0,Rear-left,-18.17,71.03,-13.66,69.42,-3.97,0.1,0.08,1.14,inf,inf,Obstacle is moving away in behind longitudinally . Obstacle is moving away laterally to the left.
7.0,30779.0,Rear-right,-69.98,-40.89,-65.47,-39.28,-1.56,2.02,0.29,0.87,inf,19.43,Obstacle is moving away in behind longitudinally . Obstacle is driving toward the ego car laterally from the right.
7.0,30780.0,Rear-left,-70.99,28.19,-66.48,26.58,-1.99,-1.15,0.26,1.64,inf,23.15,Obstacle is moving away in behind longitudinally . Obstacle is driving toward the ego car laterally from the left.
7.0,30781.0,Rear-left,-10.06,72.2,-5.55,70.59,-4.02,0.09,-0.12,3.37,inf,inf,Obstacle is moving away in behind longitudinally . Obstacle is moving away laterally to the left.
7.0,30782.0,Front-right,93.94,-105.04,89.44,-103.43,-3.42,3.03,1.03,0.8,26.15,34.09,Obstacle is driving toward the ego car longitudinally from front. Obstacle is driving toward the ego car laterally from the right.
7.0,30783.0,Rear-left,-62.9,64.42,-58.39,62.81,1.86,1.01,0.09,1.02,31.43,inf,Obstacle is driving toward the ego car from behind. Obstacle is moving away laterally to the left.
7.0,30786.0,Front-right,89.74,-115.38,85.23,-113.77,-3.33,3.22,0.87,0.87,25.62,35.37,Obstacle is driving toward the ego car longitudinally from front. Obstacle is driving toward the ego car laterally from the right.
7.0,30791.0,Front-right,85.79,-124.93,81.28,-123.32,-3.47,2.78,-0.69,1.63,23.43,44.29,Obstacle is driving toward the ego car longitudinally from front. Obstacle is driving toward the ego car laterally from the right.
8.0,30753.0,Front-right,102.83,-63.0,98.32,-61.39,-4.67,0.77,-1.92,0.42,21.08,79.7,Obstacle is driving toward the ego car longitudinally from front. Obstacle is driving toward the ego car laterally from the right.
8.0,30754.0,Rear-left,-31.15,74.83,-26.64,73.22,-10.52,-0.33,-0.05,1.27,inf,218.88,Obstacle is moving away in behind longitudinally . Obstacle is driving toward the ego car laterally from the left.
8.0,30755.0,Front-right,13.29,-9.88,8.78,-8.27,3.27,-4.14,0.13,1.47,inf,inf,Obstacle is moving away longitudinally in front. Obstacle is moving away laterally to the right.
8.0,30756.0,Rear-left,-13.07,4.24,-8.56,2.63,-2.43,-1.05,-2.12,-3.12,inf,2.51,Obstacle is moving away in behind longitudinally . Obstacle is driving toward the ego car laterally from the left.
8.0,30757.0,Front-right,102.2,-70.17,97.69,-68.56,-4.33,0.17,-0.71,1.38,22.55,398.51,Obstacle is driving toward the ego car longitudinally from front. Obstacle is driving toward the ego car laterally from the right.
8.0,30759.0,Right,-2.53,-26.57,0.0,-24.96,-6.44,-9.43,-1.19,1.35,0.0,inf,Exact longitudinal alignment or co. Obstacle is moving away laterally to the right.
8.0,30760.0,Rear-left,-32.07,14.48,-27.57,12.87,-1.38,-1.64,-0.2,0.82,inf,7.83,Obstacle is moving away in behind longitudinally . Obstacle is driving toward the ego car laterally from the left.
8.0,30761.0,Front-right,99.18,-77.29,94.67,-75.68,-4.3,0.23,0.04,1.11,22.02,327.83,Obstacle is driving toward the ego car longitudinally from front. Obstacle is driving toward the ego car laterally from the right.
8.0,30762.0,Right,-0.34,-2.82,0.0,-1.21,25.19,4.95,0.26,-0.33,0.0,0.24,Exact longitudinal alignment or co. Obstacle is driving toward the ego car laterally from the right.
8.0,30763.0,Rear-right,-13.09,-7.0,-8.59,-5.39,-0.77,1.54,1.63,-2.45,inf,3.49,Obstacle is moving away in behind longitudinally . Obstacle is driving toward the ego car laterally from the right.
8.0,30764.0,Rear-right,-23.35,-11.57,-18.84,-9.96,-0.87,1.6,0.66,-0.27,inf,6.23,Obstacle is moving away in behind longitudinally . Obstacle is driving toward the ego car laterally from the right.
8.0,30766.0,Rear-right,-33.25,-16.06,-28.74,-14.45,-1.16,1.47,0.57,-0.09,inf,9.85,Obstacle is moving away in behind longitudinally . Obstacle is driving toward the ego car laterally from the right.
8.0,30767.0,Rear-right,-43.06,-20.48,-38.56,-18.87,-1.34,1.35,0.2,0.64,inf,14.02,Obstacle is moving away in behind longitudinally . Obstacle is driving toward the ego car laterally from the right.
8.0,30768.0,Rear-left,-23.11,9.61,-18.6,8.0,-1.4,-1.63,-0.98,-0.75,inf,4.92,Obstacle is moving away in behind longitudinally . Obstacle is driving toward the ego car laterally from the left.
8.0,30769.0,Front-right,95.3,-84.57,90.79,-82.96,-4.02,0.74,0.48,0.89,22.58,112.64,Obstacle is driving toward the ego car longitudinally from front. Obstacle is driving toward the ego car laterally from the right.
8.0,30770.0,Rear-left,-41.27,19.48,-36.76,17.87,-1.67,-1.48,0.06,1.34,inf,12.05,Obstacle is moving away in behind longitudinally . Obstacle is driving toward the ego car laterally from the left.
8.0,30772.0,Rear-right,-53.06,-24.81,-48.55,-23.2,-1.35,1.32,0.11,0.83,inf,17.54,Obstacle is moving away in behind longitudinally . Obstacle is driving toward the ego car laterally from the right.
8.0,30773.0,Front-right,93.49,-93.22,88.98,-91.61,-3.66,1.58,0.38,0.96,24.28,58.02,Obstacle is driving toward the ego car longitudinally from front. Obstacle is driving toward the ego car laterally from the right.
8.0,30774.0,Rear-left,-50.23,24.36,-45.72,22.75,-1.92,-1.35,0.04,1.3,inf,16.88,Obstacle is moving away in behind longitudinally . Obstacle is driving toward the ego car laterally from the left.
8.0,30775.0,Rear-right,-63.31,-29.34,-58.81,-27.73,-1.18,1.46,-0.11,1.29,inf,19.05,Obstacle is moving away in behind longitudinally . Obstacle is driving toward the ego car laterally from the right.
8.0,30776.0,Rear-left,-59.2,29.24,-54.7,27.63,-2.03,-1.29,-0.21,0.8,inf,21.46,Obstacle is moving away in behind longitudinally . Obstacle is driving toward the ego car laterally from the left.
8.0,30777.0,Front-right,88.84,-102.76,84.34,-101.15,-3.23,2.36,0.57,0.86,26.11,42.93,Obstacle is driving toward the ego car longitudinally from front. Obstacle is driving toward the ego car laterally from the right.
8.0,30778.0,Rear-left,-12.19,72.37,-7.68,70.76,-3.7,0.04,-0.06,1.39,inf,inf,Obstacle is moving away in behind longitudinally . Obstacle is moving away laterally to the left.
8.0,30779.0,Rear-right,-73.49,-34.33,-68.99,-32.72,-1.15,1.72,-0.02,1.1,inf,18.99,Obstacle is moving away in behind longitudinally . Obstacle is driving toward the ego car laterally from the right.
8.0,30780.0,Rear-left,-68.43,34.26,-63.92,32.65,-1.88,-1.37,0.22,1.65,inf,23.85,Obstacle is moving away in behind longitudinally . Obstacle is driving toward the ego car laterally from the left.
8.0,30781.0,Left,-3.99,72.81,0.0,71.2,-3.57,0.05,-0.22,3.13,0.0,inf,Exact longitudinal alignment or co. Obstacle is moving away laterally to the left.
8.0,30782.0,Front-right,83.89,-112.7,79.38,-111.09,-2.95,2.86,0.62,0.83,26.94,38.82,Obstacle is driving toward the ego car longitudinally from front. Obstacle is driving toward the ego car laterally from the right.
8.0,30783.0,Rear-left,-56.73,69.8,-52.23,68.19,2.2,0.43,-0.03,1.09,23.69,inf,Obstacle is driving toward the ego car from behind. Obstacle is moving away laterally to the left.
8.0,30786.0,Front-right,78.8,-122.6,74.29,-120.99,-2.81,3.08,0.63,0.82,26.41,39.33,Obstacle is driving toward the ego car longitudinally from front. Obstacle is driving toward the ego car laterally from the right.
8.0,30791.0,Front-right,73.99,-131.8,69.48,-130.19,-2.97,2.7,-0.38,1.31,23.38,48.26,Obstacle is driving toward the ego car longitudinally from front. Obstacle is driving toward the ego car laterally from the right.
9.0,30753.0,Front-right,97.49,-70.24,92.99,-68.63,-4.52,0.95,-1.66,0.25,20.56,72.36,Obstacle is driving toward the ego car longitudinally from front. Obstacle is driving toward the ego car laterally from the right.
9.0,30754.0,Rear-left,-26.69,76.91,-22.18,75.3,-10.39,0.11,-0.09,0.81,inf,inf,Obstacle is moving away in behind longitudinally . Obstacle is moving away laterally to the left.
9.0,30755.0,Front-right,12.81,-11.29,8.31,-9.68,3.09,-4.69,0.1,1.27,inf,inf,Obstacle is moving away longitudinally in front. Obstacle is moving away laterally to the right.
9.0,30756.0,Rear-left,-13.02,5.08,-8.51,3.47,-2.77,-0.93,-2.18,-3.38,inf,3.72,Obstacle is moving away in behind longitudinally . Obstacle is driving toward the ego car laterally from the left.
9.0,30757.0,Front-right,96.37,-77.4,91.86,-75.79,-4.14,0.25,-0.95,1.18,22.21,307.86,Obstacle is driving toward the ego car longitudinally from front. Obstacle is driving toward the ego car laterally from the right.
9.0,30759.0,Rear-right,-5.19,-27.25,-0.68,-25.64,-7.0,-9.3,-0.18,0.89,inf,inf,Obstacle is moving away in behind longitudinally . Obstacle is moving away laterally to the right.
9.0,30760.0,Rear-left,-31.11,16.6,-26.6,14.99,-1.45,-1.8,-0.64,-0.21,inf,8.33,Obstacle is moving away in behind longitudinally . Obstacle is driving toward the ego car laterally from the left.
9.0,30761.0,Front-right,92.84,-84.29,88.33,-82.68,-4.14,0.22,-0.05,0.86,21.33,378.09,Obstacle is driving toward the ego car longitudinally from front. Obstacle is driving toward the ego car laterally from the right.
9.0,30762.0,Right,-0.37,-2.55,0.0,-0.94,23.53,3.43,0.36,-1.07,0.0,0.27,Exact longitudinal alignment or co. Obstacle is driving toward the ego car laterally from the right.
9.0,30763.0,Rear-right,-13.68,-5.91,-9.17,-4.3,-0.91,1.14,1.52,-2.61,inf,3.77,Obstacle is moving away in behind longitudinally . Obstacle is driving toward the ego car laterally from the right.
9.0,30764.0,Rear-right,-24.23,-9.71,-19.73,-8.1,-0.75,1.29,0.47,-0.27,inf,6.28,Obstacle is moving away in behind longitudinally . Obstacle is driving toward the ego car laterally from the right.
9.0,30766.0,Rear-right,-34.46,-13.48,-29.95,-11.87,-0.95,1.22,0.02,0.66,inf,9.76,Obstacle is moving away in behind longitudinally . Obstacle is driving toward the ego car laterally from the right.
9.0,30767.0,Rear-right,-44.58,-17.18,-40.07,-15.57,-1.09,1.13,-0.18,1.06,inf,13.79,Obstacle is moving away in behind longitudinally . Obstacle is driving toward the ego car laterally from the right.
9.0,30768.0,Rear-left,-22.53,11.09,-18.02,9.48,-1.55,-1.73,-0.97,-0.87,inf,5.48,Obstacle is moving away in behind longitudinally . Obstacle is driving toward the ego car laterally from the left.
9.0,30769.0,Front-right,88.47,-91.22,83.97,-89.61,-3.83,0.68,0.0,0.83,21.91,132.58,Obstacle is driving toward the ego car longitudinally from front. Obstacle is driving toward the ego car laterally from the right.
9.0,30770.0,Rear-left,-39.93,22.27,-35.43,20.66,-1.65,-1.68,-0.48,0.12,inf,12.33,Obstacle is moving away in behind longitudinally . Obstacle is driving toward the ego car laterally from the left.
9.0,30772.0,Rear-right,-54.87,-20.77,-50.36,-19.16,-1.11,1.1,-0.14,0.97,inf,17.48,Obstacle is moving away in behind longitudinally . Obstacle is driving toward the ego car laterally from the right.
9.0,30773.0,Front-right,86.08,-99.63,81.57,-98.02,-3.45,1.44,0.35,0.69,23.63,67.99,Obstacle is driving toward the ego car longitudinally from front. Obstacle is driving toward the ego car laterally from the right.
9.0,30774.0,Rear-left,-48.54,27.8,-44.04,26.19,-1.89,-1.52,0.26,1.59,inf,17.21,Obstacle is moving away in behind longitudinally . Obstacle is driving toward the ego car laterally from the left.
9.0,30775.0,Rear-right,-65.41,-24.54,-60.9,-22.93,-0.97,1.21,-0.15,0.99,inf,19.02,Obstacle is moving away in behind longitudinally . Obstacle is driving toward the ego car laterally from the right.
9.0,30776.0,Rear-left,-57.14,33.33,-52.64,31.72,-1.98,-1.46,-0.36,0.34,inf,21.66,Obstacle is moving away in behind longitudinally . Obstacle is driving toward the ego car laterally from the left.
9.0,30777.0,Front-right,80.8,-108.73,76.29,-107.12,-2.96,2.19,1.01,0.38,25.75,49.0,Obstacle is driving toward the ego car longitudinally from front. Obstacle is driving toward the ego car laterally from the right.
9.0,30778.0,Rear-left,-7.27,73.06,-2.76,71.45,-3.52,-0.01,-0.15,1.47,inf,5276.71,Obstacle is moving away in behind longitudinally . Obstacle is driving toward the ego car laterally from the left.
9.0,30779.0,Rear-right,-75.92,-28.74,-71.41,-27.13,-0.88,1.47,-0.25,1.15,inf,18.42,Obstacle is moving away in behind longitudinally . Obstacle is driving toward the ego car laterally from the right.
9.0,30780.0,Rear-left,-65.97,39.0,-61.46,37.39,-1.86,-1.54,-0.04,0.98,inf,24.25,Obstacle is moving away in behind longitudinally . Obstacle is driving toward the ego car laterally from the left.
9.0,30781.0,Left,0.96,72.91,0.0,71.3,-3.24,-0.02,-0.26,2.69,0.0,4067.31,Exact longitudinal alignment or co. Obstacle is driving toward the ego car laterally from the left.
9.0,30782.0,Front-right,75.17,-118.23,70.66,-116.62,-2.62,2.72,0.59,0.56,27.0,42.86,Obstacle is driving toward the ego car longitudinally from front. Obstacle is driving toward the ego car laterally from the right.
9.0,30783.0,Rear-left,-51.3,73.74,-46.79,72.13,2.34,-0.06,-0.12,1.17,20.02,1293.57,Obstacle is driving toward the ego car from behind. Obstacle is driving toward the ego car laterally from the left.
9.0,30786.0,Front-right,69.39,-127.72,64.88,-126.11,-2.47,2.93,0.29,0.7,26.31,43.11,Obstacle is driving toward the ego car longitudinally from front. Obstacle is driving toward the ego car laterally from the right.
9.0,30791.0,Front-right,63.91,-136.58,59.4,-134.97,-2.63,2.59,-0.45,1.05,22.55,52.18,Obstacle is driving toward the ego car longitudinally from front. Obstacle is driving toward the ego car laterally from the right.
10.0,30753.0,Front-right,98.21,-68.47,93.7,-66.86,-4.41,1.12,-1.7,0.44,21.22,59.96,Obstacle is driving toward the ego car longitudinally from front. Obstacle is driving toward the ego car laterally from the right.
10.0,30754.0,Rear-left,-29.04,76.45,-24.54,74.84,-10.22,0.01,-0.06,0.66,inf,inf,Obstacle is moving away in behind longitudinally . Obstacle is moving away laterally to the left.
10.0,30755.0,Front-right,13.31,-11.53,8.81,-9.92,3.37,-4.57,-0.02,1.28,inf,inf,Obstacle is moving away longitudinally in front. Obstacle is moving away laterally to the right.
10.0,30756.0,Rear-left,-13.42,4.78,-8.91,3.17,-2.96,-0.66,-2.18,-3.14,inf,4.8,Obstacle is moving away in behind longitudinally . Obstacle is driving toward the ego car laterally from the left.
10.0,30757.0,Front-right,97.25,-75.71,92.75,-74.1,-3.9,0.33,-1.09,1.47,23.78,221.25,Obstacle is driving toward the ego car longitudinally from front. Obstacle is driving toward the ego car laterally from the right.
10.0,30759.0,Rear-right,-5.42,-28.26,-0.91,-26.65,-6.63,-9.31,-0.98,1.28,inf,inf,Obstacle is moving away in behind longitudinally . Obstacle is moving away laterally to the right.
10.0,30760.0,Rear-left,-31.54,15.89,-27.03,14.28,-1.27,-1.72,-0.6,0.13,inf,8.29,Obstacle is moving away in behind longitudinally . Obstacle is driving toward the ego car laterally from the left.
10.0,30761.0,Front-right,93.84,-82.67,89.33,-81.06,-3.94,0.23,-0.13,1.13,22.66,359.36,Obstacle is driving toward the ego car longitudinally from front. Obstacle is driving toward the ego car laterally from the right.
10.0,30762.0,Right,-0.04,-2.32,0.0,-0.71,21.61,4.14,0.52,-1.3,0.0,0.17,Exact longitudinal alignment or co. Obstacle is driving toward the ego car laterally from the right.
10.0,30763.0,Rear-right,-13.71,-6.03,-9.2,-4.42,-1.13,1.05,1.69,-2.74,inf,4.21,Obstacle is moving away in behind longitudinally . Obstacle is driving toward the ego car laterally from the right.
10.0,30764.0,Rear-right,-24.16,-9.99,-19.66,-8.38,-0.72,1.29,0.25,0.41,inf,6.48,Obstacle is moving away in behind longitudinally . Obstacle is driving toward the ego car laterally from the right.
10.0,30766.0,Rear-right,-34.34,-13.94,-29.83,-12.33,-0.86,1.24,0.39,0.13,inf,9.95,Obstacle is moving away in behind longitudinally . Obstacle is driving toward the ego car laterally from the right.
10.0,30767.0,Rear-right,-44.4,-17.82,-39.89,-16.21,-0.91,1.19,-0.38,1.71,inf,13.67,Obstacle is moving away in behind longitudinally . Obstacle is driving toward the ego car laterally from the right.
10.0,30768.0,Rear-left,-22.89,10.55,-18.38,8.94,-1.47,-1.59,-0.81,-0.3,inf,5.62,Obstacle is moving away in behind longitudinally . Obstacle is driving toward the ego car laterally from the left.
10.0,30769.0,Front-right,89.62,-89.64,85.11,-88.03,-3.67,0.63,0.2,0.97,23.21,139.84,Obstacle is driving toward the ego car longitudinally from front. Obstacle is driving toward the ego car laterally from the right.
10.0,30770.0,Rear-left,-40.48,21.42,-35.97,19.81,-1.43,-1.63,0.06,1.43,inf,12.18,Obstacle is moving away in behind longitudinally . Obstacle is driving toward the ego car laterally from the left.
10.0,30772.0,Rear-right,-54.63,-21.59,-50.12,-19.98,-0.94,1.15,-0.07,1.07,inf,17.39,Obstacle is moving away in behind longitudinally . Obstacle is driving toward the ego car laterally from the right.
10.0,30773.0,Front-right,87.4,-98.01,82.9,-96.4,-3.31,1.39,0.3,0.95,25.02,69.55,Obstacle is driving toward the ego car longitudinally from front. Obstacle is driving toward the ego car laterally from the right.
10.0,30774.0,Rear-left,-49.21,26.82,-44.7,25.21,-1.67,-1.48,-0.48,0.36,inf,17.07,Obstacle is moving away in behind longitudinally . Obstacle is driving toward the ego car laterally from the left.
10.0,30775.0,Rear-right,-65.09,-25.52,-60.58,-23.91,-0.82,1.25,-0.0,0.92,inf,19.18,Obstacle is moving away in behind longitudinally . Obstacle is driving toward the ego car laterally from the right.
10.0,30776.0,Rear-left,-57.91,32.2,-53.4,30.59,-1.71,-1.45,0.43,2.18,inf,21.06,Obstacle is moving away in behind longitudinally . Obstacle is driving toward the ego car laterally from the left.
10.0,30777.0,Front-right,82.33,-107.12,77.83,-105.51,-2.83,2.15,1.09,0.58,27.49,48.98,Obstacle is driving toward the ego car longitudinally from front. Obstacle is driving toward the ego car laterally from the right.
10.0,30778.0,Rear-left,-8.87,72.93,-4.36,71.32,-3.26,-0.0,-0.17,1.92,inf,63990.61,Obstacle is moving away in behind longitudinally . Obstacle is driving toward the ego car laterally from the left.
10.0,30779.0,Rear-right,-75.52,-29.88,-71.01,-28.27,-0.74,1.51,0.11,0.74,inf,18.77,Obstacle is moving away in behind longitudinally . Obstacle is driving toward the ego car laterally from the right.
10.0,30780.0,Rear-left,-66.82,37.72,-62.31,36.11,-1.65,-1.49,-0.43,0.47,inf,24.29,Obstacle is moving away in behind longitudinally . Obstacle is driving toward the ego car laterally from the left.
10.0,30781.0,Left,-0.6,72.92,0.0,71.31,-2.88,0.0,-0.25,2.8,0.0,inf,Exact longitudinal alignment or co. Obstacle is moving away laterally to the left.
10.0,30782.0,Front-right,76.9,-116.67,72.39,-115.06,-2.5,2.69,0.51,0.84,28.95,42.77,Obstacle is driving toward the ego car longitudinally from front. Obstacle is driving toward the ego car laterally from the right.
10.0,30783.0,Rear-left,-52.32,72.86,-47.82,71.25,2.55,0.06,-0.14,1.52,18.75,inf,Obstacle is driving toward the ego car from behind. Obstacle is moving away laterally to the left.
10.0,30786.0,Front-right,71.29,-126.22,66.78,-124.61,-2.34,2.91,0.26,0.95,28.53,42.77,Obstacle is driving toward the ego car longitudinally from front. Obstacle is driving toward the ego car laterally from the right.
10.0,30791.0,Front-right,65.95,-135.21,61.44,-133.6,-2.49,2.6,0.06,1.04,24.69,51.43,Obstacle is driving toward the ego car longitudinally from front. Obstacle is driving toward the ego car laterally from the right.
11.0,30753.0,Front-right,99.92,-65.14,95.41,-63.53,-4.29,1.24,-1.43,0.7,22.25,51.17,Obstacle is driving toward the ego car longitudinally from front. Obstacle is driving toward the ego car laterally from the right.
11.0,30754.0,Rear-left,-32.53,75.45,-28.03,73.84,-9.96,-0.19,-0.01,0.6,inf,385.14,Obstacle is moving away in behind longitudinally . Obstacle is driving toward the ego car laterally from the left.
11.0,30755.0,Front-right,14.02,-11.52,9.51,-9.91,3.71,-4.3,-0.29,0.87,inf,inf,Obstacle is moving away longitudinally in front. Obstacle is moving away laterally to the right.
11.0,30756.0,Rear-left,-13.9,4.3,-9.4,2.69,-3.11,-0.39,-2.15,-2.94,inf,6.83,Obstacle is moving away in behind longitudinally . Obstacle is driving toward the ego car laterally from the left.
11.0,30757.0,Front-right,99.26,-72.48,94.75,-70.87,-3.63,0.43,-1.0,1.63,26.1,163.89,Obstacle is driving toward the ego car longitudinally from front. Obstacle is driving toward the ego car laterally from the right.
11.0,30759.0,Rear-right,-5.14,-29.36,-0.64,-27.75,-6.1,-9.41,0.55,1.19,inf,inf,Obstacle is moving away in behind longitudinally . Obstacle is moving away laterally to the right.
11.0,30760.0,Rear-left,-32.17,14.7,-27.66,13.09,-1.03,-1.6,-0.47,0.51,inf,8.18,Obstacle is moving away in behind longitudinally . Obstacle is driving toward the ego car laterally from the left.
11.0,30761.0,Front-right,96.07,-79.56,91.56,-77.95,-3.7,0.25,-0.34,1.41,24.77,311.37,Obstacle is driving toward the ego car longitudinally from front. Obstacle is driving toward the ego car laterally from the right.
11.0,30762.0,Right,0.43,-2.17,0.0,-0.56,19.65,5.05,0.72,-1.59,0.0,0.11,Exact longitudinal alignment or co. Obstacle is driving toward the ego car laterally from the right.
11.0,30763.0,Rear-right,-13.66,-6.37,-9.16,-4.76,-1.32,0.98,1.71,-2.56,inf,4.84,Obstacle is moving away in behind longitudinally . Obstacle is driving toward the ego car laterally from the right.
11.0,30764.0,Rear-right,-23.93,-10.63,-19.42,-9.02,-0.72,1.32,0.67,-0.2,inf,6.86,Obstacle is moving away in behind longitudinally . Obstacle is driving toward the ego car laterally from the right.
11.0,30766.0,Rear-right,-33.97,-14.91,-29.46,-13.3,-0.71,1.32,0.8,-0.45,inf,10.07,Obstacle is moving away in behind longitudinally . Obstacle is driving toward the ego car laterally from the right.
11.0,30767.0,Rear-right,-43.91,-19.12,-39.4,-17.51,-0.74,1.28,-0.29,1.74,inf,13.68,Obstacle is moving away in behind longitudinally . Obstacle is driving toward the ego car laterally from the right.
11.0,30768.0,Rear-left,-23.38,9.66,-18.87,8.05,-1.34,-1.41,-0.75,-0.05,inf,5.71,Obstacle is moving away in behind longitudinally . Obstacle is driving toward the ego car laterally from the left.
11.0,30769.0,Front-right,92.09,-86.63,87.59,-85.02,-3.46,0.61,0.08,1.23,25.34,139.16,Obstacle is driving toward the ego car longitudinally from front. Obstacle is driving toward the ego car laterally from the right.
11.0,30770.0,Rear-left,-41.3,19.94,-36.8,18.33,-1.15,-1.53,-0.15,1.16,inf,11.99,Obstacle is moving away in behind longitudinally . Obstacle is driving toward the ego car laterally from the left.
11.0,30772.0,Rear-right,-54.0,-23.22,-49.49,-21.61,-0.71,1.26,0.14,0.85,inf,17.18,Obstacle is moving away in behind longitudinally . Obstacle is driving toward the ego car laterally from the right.
11.0,30773.0,Front-right,90.18,-94.99,85.68,-93.38,-3.14,1.36,0.37,1.12,27.29,68.55,Obstacle is driving toward the ego car longitudinally from front. Obstacle is driving toward the ego car laterally from the right.
11.0,30774.0,Rear-left,-50.22,25.07,-45.71,23.46,-1.34,-1.42,-0.04,1.37,inf,16.48,Obstacle is moving away in behind longitudinally . Obstacle is driving toward the ego car laterally from the left.
11.0,30775.0,Rear-right,-64.33,-27.48,-59.82,-25.87,-0.59,1.36,-0.47,2.1,inf,18.99,Obstacle is moving away in behind longitudinally . Obstacle is driving toward the ego car laterally from the right.
11.0,30776.0,Rear-left,-59.1,30.17,-54.59,28.56,-1.44,-1.36,0.12,1.69,inf,20.95,Obstacle is moving away in behind longitudinally . Obstacle is driving toward the ego car laterally from the left.
11.0,30777.0,Front-right,85.46,-104.18,80.95,-102.57,-2.68,2.16,-0.09,1.31,30.25,47.49,Obstacle is driving toward the ego car longitudinally from front. Obstacle is driving toward the ego car laterally from the right.
11.0,30778.0,Rear-left,-11.56,72.6,-7.05,70.99,-2.95,0.03,-0.13,1.95,inf,inf,Obstacle is moving away in behind longitudinally . Obstacle is moving away laterally to the left.
11.0,30779.0,Rear-right,-74.6,-32.15,-70.09,-30.54,-0.56,1.59,0.01,1.15,inf,19.15,Obstacle is moving away in behind longitudinally . Obstacle is driving toward the ego car laterally from the right.
11.0,30780.0,Rear-left,-68.17,35.39,-63.66,33.78,-1.36,-1.41,-0.56,0.34,inf,23.94,Obstacle is moving away in behind longitudinally . Obstacle is driving toward the ego car laterally from the left.
11.0,30781.0,Left,-3.25,72.86,0.0,71.25,-2.45,0.04,-0.25,3.28,0.0,inf,Exact longitudinal alignment or co. Obstacle is moving away laterally to the left.
11.0,30782.0,Front-right,80.36,-113.84,75.86,-112.23,-2.38,2.68,0.01,1.27,31.86,41.9,Obstacle is driving toward the ego car longitudinally from front. Obstacle is driving toward the ego car laterally from the right.
11.0,30783.0,Rear-left,-54.41,71.16,-49.91,69.55,2.79,0.27,-0.08,1.32,17.89,inf,Obstacle is driving toward the ego car from behind. Obstacle is moving away laterally to the left.
11.0,30786.0,Front-right,75.09,-123.55,70.58,-121.94,-2.22,2.91,0.76,0.91,31.74,41.88,Obstacle is driving toward the ego car longitudinally from front. Obstacle is driving toward the ego car laterally from the right.
11.0,30791.0,Front-right,70.03,-132.73,65.52,-131.12,-2.31,2.68,-0.39,1.46,28.31,49.0,Obstacle is driving toward the ego car longitudinally from front. Obstacle is driving toward the ego car laterally from the right.
