Scenario,AnnotatedObstacleID,IsCollisionScenario,CollisionObstacleIDs,CleanedCollisionIDs,ExtremeRiskObstacleID,AnnotatedIDInCollisionIDs,AnnotatedIDIsOnlyCollisionID,AnnotatedIDIsExtremeRisk,CorrectlyIdentified,CorrectCollisionIdentification,JsonFormat
ARG_Carcarana-1_8_T-1,341,True,"[{'ObstacleID': '341', 'OverallRiskScore': '0'}]",[341],,True,True,False,True,True,True
BEL_Antwerp-10_7_T-1,30736,True,"[{'ObstacleID': '30736', 'OverallRiskScore': '0'}]",[30736],{},True,True,False,True,True,True
BEL_Antwerp-13_5_T-1,30674,True,"[{'ObstacleID': '30674', 'OverallRiskScore': '0'}]",[30674],,True,True,False,True,True,True
BEL_Brussels-51_2_T-1,30196,True,[],[],30196,False,False,True,True,False,True
BEL_Brussels-82_4_T-1,30233,True,"[{'ObstacleID': 'None', 'OverallRiskScore': 'N/A'}]",['None'],30233,False,False,True,True,False,True
BEL_Zwevegem-1_6_T-1,333,True,"[{'ObstacleID': '333', 'OverallRiskScore': '0'}]",[333],,True,True,False,True,True,True
CHN_Beijing-3_5_T-1,3107,True,"[{'ObstacleID': '3107', 'OverallRiskScore': '0'}]",[3107],,True,True,False,True,True,True
CHN_Qingdao-18_2_T-1,30655,True,"[{'ObstacleID': '30655', 'OverallRiskScore': '0'}]",[30655],,True,True,False,True,True,True
DEU_Aschaffenburg-21_21_T-1,30285,True,"[{'ObstacleID': '30285', 'OverallRiskScore': '1'}]",[30285],,True,True,False,True,True,True
DEU_Aschaffenburg-64_5_T-1,30195,True,"[{'ObstacleID': '30195', 'OverallRiskScore': '0'}]",[30195],30187,True,True,False,True,True,True
DEU_Backnang-2_1_T-1,33,True,"[{'ObstacleID': '33', 'OverallRiskScore': '0'}]",[33],None,True,True,False,True,True,True
DEU_Bonn-35_11_T-1,30200,True,"[{'ObstacleID': '30200', 'OverallRiskScore': '0'}]",[30200],None,True,True,False,True,True,True
DEU_Bonn-38_18_T-1,30234,True,"[{'ObstacleID': '30234', 'OverallRiskScore': '0'}]",[30234],30227,True,True,False,True,True,True
DEU_Bonn-38_4_T-1,30234,True,"[{'ObstacleID': '30228', 'OverallRiskScore': '0'}]",[30228],30233,False,False,False,False,False,True
DEU_Bremen-1_10_T-1,30295,True,"[{'ObstacleID': '30308', 'OverallRiskScore': '0'}]",[30308],,False,False,False,False,False,True
DEU_Bremen-33_33_T-1,30274,True,"[{'ObstacleID': None, 'OverallRiskScore': None}]",[None],30274,False,False,True,True,False,True
DEU_Bremen-7_12_T-1,30299,True,[{'ObstacleID': None}],[None],30299,False,False,True,True,False,True
DEU_Bremen-7_23_T-1,30306,True,"[{'ObstacleID': '30306', 'OverallRiskScore': '1'}]",[30306],30306,True,True,True,True,True,True
DEU_Flensburg-62_1_T-1,367,True,"[{'ObstacleID': '367', 'OverallRiskScore': '0'}]",[367],None,True,True,False,True,True,True
DEU_Guetersloh-32_1_T-1,33,True,"[{'ObstacleID': '33', 'OverallRiskScore': '0'}]",[33],33,True,True,True,True,True,True
DEU_Hanover-38_33_T-1,30688,True,"[{'ObstacleID': '30688', 'OverallRiskScore': '0'}]",[30688],30688,True,True,True,True,True,True
DEU_Hanover-44_28_T-1,30730,True,"[{'ObstacleID': '30730', 'OverallRiskScore': '0'}]",[30730],30730,True,True,True,True,True,True
DEU_Hanover-45_17_T-1,30700,True,"[{'ObstacleID': '30700', 'OverallRiskScore': '0'}]",[30700],N/A,True,True,False,True,True,True
DEU_Hennigsdorf-5_3_T-1,342,True,"[{'ObstacleID': '342', 'OverallRiskScore': '0'}]",[342],,True,True,False,True,True,True
DEU_Kiel-52_2_T-1,30666,True,[],[],30666,False,False,True,True,False,True
DEU_Leipzig-13_19_T-1,3254,True,"[{'ObstacleID': '3254', 'OverallRiskScore': '0'}]",[3254],N/A,True,True,False,True,True,True
DEU_Leipzig-13_7_T-1,3254,True,"[{'ObstacleID': '3254', 'OverallRiskScore': '0'}]",[3254],None,True,True,False,True,True,True
DEU_Leipzig-37_8_T-1,3074,True,"[{'ObstacleID': '3074', 'OverallRiskScore': '0'}]",[3074],,True,True,False,True,True,True
DEU_Leipzig-63_24_T-1,3261,True,"[{'ObstacleID': '3261', 'OverallRiskScore': '0'}]",[3261],,True,True,False,True,True,True
DEU_Memmingen-138_1_T-4,20036,True,"[{'ObstacleID': '20036', 'OverallRiskScore': '0'}]",[20036],None,True,True,False,True,True,True
DEU_Memmingen-1_1_T-5,20052,True,"[{'ObstacleID': '20052', 'OverallRiskScore': '0'}]",[20052],None,True,True,False,True,True,True
DEU_Muehlhausen-10_5_T-1,315,True,"[{'ObstacleID': '315', 'OverallRiskScore': '0'}]",[315],,True,True,False,True,True,True
DEU_Muehlhausen-5_1_T-1,330,True,"[{'ObstacleID': '330', 'OverallRiskScore': '0'}]",[330],,True,True,False,True,True,True
DEU_Nuremberg-24_13_T-1,30716,True,"[{'ObstacleID': '30716', 'OverallRiskScore': '1'}]",[30716],30716,True,True,True,True,True,True
DEU_Nuremberg-29_9_T-1,30786,True,"[{'ObstacleID': '30786', 'OverallRiskScore': '0'}]",[30786],None,True,True,False,True,True,True
DEU_Nuremberg-30_6_T-1,30604,False,"[{'ObstacleID': 'None', 'OverallRiskScore': 'None'}]",['None'],None,False,False,False,False,False,True
DEU_Nuremberg-6_21_T-1,30803,True,"[{'ObstacleID': '30803', 'OverallRiskScore': '0'}]",[30803],30803,True,True,True,True,True,True
DEU_Nuremberg-6_34_T-1,30796,True,"[{'ObstacleID': '', 'OverallRiskScore': ''}]",[''],30796,False,False,True,True,False,True
DEU_Salzwedel-74_1_T-4,20071,True,"[{'ObstacleID': '20071', 'OverallRiskScore': '0'}]",[20071],20071,True,True,True,True,True,True
DEU_Salzwedel-80_1_T-2,20029,True,"[{'ObstacleID': '20029', 'OverallRiskScore': '0'}]",[20029],NONE,True,True,False,True,True,True
DEU_Schopfloch-6_1_T-2,20057,True,"[{'ObstacleID': '20057', 'OverallRiskScore': '0'}]",[20057],None,True,True,False,True,True,True
DEU_Schweitenkirchen-4_1_T-12,426,True,"[{'ObstacleID': '426', 'OverallRiskScore': '0'}]",[426],None,True,True,False,True,True,True
DEU_Schweitenkirchen-5_1_T-36,625,True,"[{'ObstacleID': '625', 'OverallRiskScore': '0'}]",[625],None,True,True,False,True,True,True
DEU_Schwetzingen-10_1_T-5,20130,True,"[{'ObstacleID': '20130', 'OverallRiskScore': '0'}]",[20130],{},True,True,False,True,True,True
DEU_Schwetzingen-112_1_T-1,20046,True,"[{'ObstacleID': '20046', 'OverallRiskScore': '0'}]",[20046],,True,True,False,True,True,True
DEU_Schwetzingen-174_1_T-4,20111,True,"[{'ObstacleID': '20111', 'OverallRiskScore': '0'}]",[20111],,True,True,False,True,True,True
DEU_Schwetzingen-180_1_T-2,20094,True,"[{'ObstacleID': '20094', 'OverallRiskScore': '0'}]",[20094],20020,True,True,False,True,True,True
DEU_Schwetzingen-74_1_T-4,20064,True,"[{'ObstacleID': '20064', 'OverallRiskScore': '0'}]",[20064],None,True,True,False,True,True,True
DEU_Weimar-57_1_T-1,17,False,"[{'ObstacleID': 'none', 'OverallRiskScore': '0'}]",['none'],none,False,False,False,False,False,True
DEU_Wolfsburg-39_1_T-8,20148,True,"[{'ObstacleID': '20148', 'OverallRiskScore': '0'}]",[20148],None,True,True,False,True,True,True
ESP_Barcelona-10_44_T-1,30749,True,"[{'ObstacleID': '30749', 'OverallRiskScore': '0'}]",[30749],30735,True,True,False,True,True,True
ESP_Barcelona-21_6_T-1,30681,True,[{'ObstacleID': None}],[None],30681,False,False,True,True,False,True
ESP_Barcelona-38_52_T-1,30739,True,"[{'ObstacleID': 30739, 'OverallRiskScore': '0'}]",[30739],,True,True,False,True,True,True
ESP_Barcelona-39_11_T-1,30813,True,[],[],30813,False,False,True,True,False,True
ESP_Barcelona-39_27_T-1,30810,True,"[{'ObstacleID': '30810', 'OverallRiskScore': '0'}]",[30810],30808,True,True,False,True,True,True
ESP_Barcelona-3_13_T-1,30764,True,"[{'ObstacleID': '30764', 'OverallRiskScore': '0'}]",[30764],None,True,True,False,True,True,True
ESP_Barcelona-44_19_T-1,30743,True,"[{'ObstacleID': '30743', 'OverallRiskScore': '0'}]",[30743],,True,True,False,True,True,True
ESP_Barcelona-44_27_T-1,30760,True,"[{'ObstacleID': '30760', 'OverallRiskScore': '0'}]",[30760],30743,True,True,False,True,True,True
ESP_Barcelona-49_21_T-1,30784,True,"[{'ObstacleID': '30784', 'OverallRiskScore': '0'}]",[30784],,True,True,False,True,True,True
ESP_Barcelona-6_18_T-1,30746,True,"[{'ObstacleID': '', 'OverallRiskScore': 'N/A'}]",[''],30746,False,False,True,True,False,True
ESP_Bilbao-13_20_T-1,30801,True,"[{'ObstacleID': '30801', 'OverallRiskScore': '1'}]",[30801],30806,True,True,False,True,True,True
ESP_Bilbao-6_9_T-1,30693,True,"[{'ObstacleID': '30693', 'OverallRiskScore': '0'}]",[30693],,True,True,False,True,True,True
ESP_Ceuta-5_2_T-1,325,True,"[{'ObstacleID': '325', 'OverallRiskScore': '0'}]",[325],31,True,True,False,True,True,True
ESP_Vigo-63_4_T-1,3044,True,"[{'ObstacleID': '3044', 'OverallRiskScore': '1'}]",[3044],3044,True,True,True,True,True,True
ESP_Vigo-70_2_T-1,3393,True,"[{'ObstacleID': '3393', 'OverallRiskScore': '0'}]",[3393],N/A,True,True,False,True,True,True
ESP_Vigo-70_3_T-1,3395,True,"[{'ObstacleID': '3395', 'OverallRiskScore': '0'}]",[3395],,True,True,False,True,True,True
ESP_Vigo-99_28_T-1,3517,False,"[{'ObstacleID': '', 'OverallRiskScore': '5'}]",[''],,False,False,False,False,False,True
ESP_Vigo-99_34_T-1,3523,True,"[{'ObstacleID': '3523', 'OverallRiskScore': '0'}]",[3523],,True,True,False,True,True,True
FRA_Dijon-13_1_T-1,30374,True,[],[],30374,False,False,True,True,False,True
FRA_Dijon-24_4_T-1,30504,False,"[{'ObstacleID': 'None', 'OverallRiskScore': '0'}]",['None'],None,False,False,False,False,False,True
GRC_NeaSmyrni-117_1_T-6,20039,True,"[{'ObstacleID': '20039', 'OverallRiskScore': '0'}]",[20039],,True,True,False,True,True,True
GRC_NeaSmyrni-31_1_T-12,20084,True,"[{'ObstacleID': '20084', 'OverallRiskScore': '0'}]",[20084],{},True,True,False,True,True,True
GRC_NeaSmyrni-87_1_T-1,20039,True,"[{'ObstacleID': '20039', 'OverallRiskScore': '0'}]",[20039],,True,True,False,True,True,True
GRC_NeaSmyrni-98_1_T-1,20051,True,"[{'ObstacleID': '20051', 'OverallRiskScore': '0'}]",[20051],{},True,True,False,True,True,True
ITA_Empoli-7_2_T-1,317,True,"[{'ObstacleID': '317', 'OverallRiskScore': '0'}]",[317],None,True,True,False,True,True,True
ITA_Siderno-5_3_T-1,344,True,"[{'ObstacleID': '', 'OverallRiskScore': ''}]",[''],344,False,False,True,True,False,True
USA_Austin-64_7_T-1,3338,True,"[{'ObstacleID': '3338', 'OverallRiskScore': '0'}]",[3338],3337,True,True,False,True,True,True
USA_Austin-77_10_T-1,3349,True,"[{'ObstacleID': '3349', 'OverallRiskScore': '0'}]",[3349],,True,True,False,True,True,True
USA_Phoenix-17_14_T-1,3658,True,"[{'ObstacleID': 'None', 'OverallRiskScore': '0'}]",['None'],3659,False,False,False,False,False,True
USA_Phoenix-17_19_T-1,3667,True,[],[],3668,False,False,False,False,False,True
USA_Washington-12_15_T-1,30614,True,"[{'ObstacleID': '30614', 'OverallRiskScore': '0'}]",[30614],30606,True,True,False,True,True,True
USA_Washington-12_38_T-1,30629,True,"[{'ObstacleID': '30629', 'OverallRiskScore': '0'}]",[30629],,True,True,False,True,True,True
USA_Washington-32_46_T-1,30570,True,"[{'ObstacleID': '30570', 'OverallRiskScore': '0'}]",[30570],30561,True,True,False,True,True,True
USA_Washington-34_15_T-1,30579,True,"[{'ObstacleID': '30579', 'OverallRiskScore': '0'}]",[30579],N/A,True,True,False,True,True,True
